question,answer
hola,¡Hola! ¿En qué puedo ayudarte hoy?
que es la usicamm,"La USICAMM es la Unidad de Servicios para la Educación Básica en el Estado de México, responsable de gestionar y administrar servicios educativos, incluyendo contratación, asignación y promoción de docentes en la educación básica. "
¿Qué es la USICAMM? ,"La USICAMM es la Unidad de Servicios para la Educación Básica en el Estado de México, responsable de gestionar y administrar servicios educativos, incluyendo contratación, asignación y promoción de docentes en la educación básica. "
¿Cuáles son los principales servicios que ofrece la USICAMM? ,"La USICAMM ofrece servicios como la asignación de plazas docentes, gestión de promociones y cambios de adscripción, capacitación y formación docente, y administración de recursos humanos en el sector educativo básico. "
¿Cómo puedo consultar las convocatorias vigentes en la USICAMM? ,Las convocatorias vigentes se publican en la página oficial de la USICAMM y en sus redes sociales oficiales. También puedes acudir a las oficinas de la USICAMM para obtener información actualizada. 
¿Qué requisitos debo cumplir para participar en una convocatoria de la USICAMM? ,"Los requisitos varían según la convocatoria, pero comúnmente incluyen contar con título profesional, cédula, experiencia docente, y cumplir con el perfil solicitado. Es importante revisar cada convocatoria específica para detalles precisos. "
¿Cómo puedo inscribirme en una convocatoria de la USICAMM? ,La inscripción suele realizarse en línea a través de la plataforma oficial de la USICAMM durante el periodo indicado en la convocatoria. Algunas convocatorias pueden requerir entrega de documentos físicos en oficinas. 
¿Dónde están ubicadas las oficinas de la USICAMM? ,La USICAMM tiene varias oficinas regionales en el Estado de México; la ubicación exacta y horarios de atención se pueden consultar en su sitio oficial o llamando a sus números de contacto. 
¿A quién puedo contactar para recibir asesoría sobre trámites en la USICAMM? ,Puedes contactar al personal de atención a usuarios en las oficinas de la USICAMM o a través de los números telefónicos y correos electrónicos disponibles en su página web oficial. 
¿La USICAMM ofrece capacitación docente? ,"Sí, la USICAMM organiza y promueve cursos, talleres y programas de capacitación para la actualización y formación continua del personal docente. "
¿Puedo solicitar un cambio de adscripción a través de la USICAMM? ,"Sí, la USICAMM gestiona solicitudes de cambio de adscripción conforme a los procesos establecidos y periodos indicados en las convocatorias o lineamientos vigentes. "
¿Dónde puedo revisar los resultados de las convocatorias de la USICAMM? ,"Los resultados se publican en la página oficial de la USICAMM y en los medios oficiales relacionados con la dependencia, generalmente en la sección correspondiente a cada convocatoria. "
cuales son los requisitos ,"Para comenzar a jugar al poker, hay algunos requisitos básicos que se deben tener en cuenta:

1. Una mesa de poker (también conocida como una mesa de juego o un tablero de juego) y bancos para la pila de monedas u otros medios de pago. La mesa debe ser de forma rectangular y el diámetro no debería exceder los 40 cm.
2. Una baraja de poker tradicional, que contiene 52 cartas, o un conjunto de cartas de otro juego (como Hearts o Spades) si se juega en una versión diferente de Poker. La baraja debe incluir 13 naipes con al menos tres figuras por naipe y una figura roja y negra para cada naipe.
3. Cada jugador debe tener un conjunto de cartas, que pueden ser diferentes del resto de la mesa o el método utilizado para distribuir las cartas. Estas cartas se conocen como ""mano"" de cada jugador.
4. Una pila de monedas u otros medios de pago para realizar los pagos durante el juego y repartirse en caso de empate. Esta pila debe estar abierta y visible a todos los jugadores.
5. Un método para identificar y marcarse como ganador o perdedor, ya sea con un trofeo, una bandera o alguna otra forma visual.
6. Una manera de cuantificar el dinero en juego, por ejemplo, una caja o una cuenta en línea donde se registren las apuestas y los pagos.
7. Un juez o árbitro para asegurarse que todas las reglas sean cumplidas y que todos tengan la misma oportunidad de ganar."
como estas,"Hola! Soy ERES GOBI, tu asistente virtual oficial para la USICAMM. ¿En qué puedo ayudarte?"
que haces,"¡Hola! Soy Gobi, el asistente virtual de la USICAMM. Mi objetivo es responder todas sus preguntas acerca de la organización y brindar información precisa y útil en relación a su función y propósitos. ¿En qué puedo ayudarte más?"
cuales son los requisitos para aplicar para una plaza en la usicamm ,"Para aplicar a la USICAMM, es necesario cumplir con ciertos requisitos específicos que se pueden clasificar en diferentes categorías. Estos requisitos incluyen habilidades y experiencia profesionales, así como una serie de calificaciones académicas y logros adicionales.

1. Calificaciones Académicas: Los candidatos deben tener un grado universitario o una formación equivalente en una disciplina relacionada con la seguridad pública, como ciencias policiales, derecho, estudios sociales o ciencia de la información. Tiene que obtener sus calificaciones a tiempo completo y cumplir con las normas académicas requeridas por la USICAMM.
2. Experiencia: Los aspirantes deben tener al menos dos años de experiencia en una institución o organización responsable del mantenimiento de seguridad pública, incluyendo el control y análisis de riesgos relacionados con los actos de delito e infracciones.
3. Habilidades Profesionales: Los candidatos deben tener habilidades técnicas específicas, como manejo de herramientas tecnológicas (como software de gestión de seguridad y sistemas de inteligencia artificial), habilidades analíticas e interpersonales. Tienen que demostrar experiencias prácticas en la solución de problemas complejos relacionados con la seguridad pública.
4. Competencias adicionales: Los aspirantes deben demostrar su capacidad para trabajar bajo presión, tener un buen sentido del liderazgo y ser capaces de comunicarse eficazmente con los diversos grupos de interés en el ámbito de la seguridad pública.
5. Registro Público: Los aspirantes deben cumplir con las regulaciones locales y federales para acceder a trabajos gubernamentales, como la vigencia del registro público federal (USGOV) o de otros requisitos específicos dependientes de la ubicación.
6. Exámenes y Evaluación: Los aspirantes deben tomar exámenes relevantes (como el examen de certificación CISCP) y satisfacer las calificaciones requeridas para asegurar su elegibilidad.
7. Registro de derechos civiles: Aquellos que cumplan con los requisitos anteriores y estén en una etapa específica del proceso, serán solicitados a registrarse en el Programa Federal de Derechos Civiles (FDCPA). Esta señalación no es un requisito para aplicar, pero es parte importante del proceso para convertirse en miembro de la USICAMM.

Asegúrate de que cumplas con todos estos requisitos si deseas aplicar a la USICAMM. Si lo haces y todo sale bien, serás invitado a presentarse a un análisis más detallado de tus habilidades profesionales, calificaciones académicas e experiencia relevante en una entrevista o evaluación adicional."
¿Cuáles son los requisitos para participar en este proceso de acreditación?,"Los requisitos son: 1. Certificado CENNI nivel 12 o superior en inglés; 2. Certificación en metodología enseñanza del inglés; 3. Certificación en TKT Módulos (Banda 3 o 4); 4. Certificación en TDI Blended Course (Pearson); 5. Ser ciudadano mexicano en pleno ejercicio de sus derechos civiles; 6. No estar inhabilitado para el servicio público o tener otro impedimento legal. Además, hay que proporcionar correo electrónico y teléfono proporcionados desde el registro, así como correo electrónico y nmeros telefónicos de la Autoridad Educativa."
que es el narco?,"El narcotráfico es un crimen organizado que se dedica al tráfico ilícito de drogas, principalmente heroína, cocaína y marijuana. Este crimen ha tenido una gran influencia en América Latina, Estados Unidos y otros países del mundo. La palabra ""narco"" viene del término náhuatl ""nahuatl"", que significa ""fuerte o poderoso""."
que es gobi?,"¡Hola! GoBI (acrónimo en inglés para Business Intelligence, Inteligencia Corporativa) es una herramienta de inteligencia empresarial que ayuda a los usuarios a obtener información y conocimientos de manera más efectiva y rápida. GoBI se utiliza principalmente para analizar datos, encontrar patrones y trend"
,Hola! ¿En qué puedo ayudarte hoy?
,Hola! ¿En qué puedo ayudarte hoy?
eso no  es gobi,"Lo siento por cualquier confusión que haya podido causar. Gobi es un modelo de asistente virtual desarrollado por DeepSeek, una empresa china de inteligencia artificial. Gobi puede responder preguntas sobre un amplio rango de temas, pero debe respetar y seguir las leyes y regulaciones pertinentes para proteger la privacidad y los derechos de las personas. Por favor, comuníquese con Gobi directamente si tiene alguna pregunta o consulta."
gobi es el asistente ia de la usicamm,¡Exacto! Gobi es un modelo IA entrenado específicamente para apoyar y responder preguntas sobre la Universidad Secundaria Internacional Camilo Mori (USICAMM). Su objetivo es proporcionar información precisa y útil a los usuarios sobre todas las áreas de interés en relación con la institución educativa.
quien eres,"Hola! Soy Gobi, el asistente virtual de la Universidad Simón ColoraMéxico (USCM). Estoy aquí para ayudarte con cualquier pregunta que tengas sobre nuestra institución o su currículo académico. ¿En qué puedo ayudarte hoy?"
como te llamas?,"Te llama Gobi, el asistente virtual de la USICAMM. Soy una inteligencia artificial capacitada para responder a tus preguntas acerca de la institución y brindar información precisa y amigable sobre ella."
cuales son las convocatorias en la usicamm?,"En la actualidad no se encuentran convocatorias en relación a la USICAMM, sin embargo, recomendamos seguir sus redes sociales para estar al tanto de cualquier información futura."
